Date,Open,High,Low,Close,Volume,Adj Close
2007-01-03,38.68,39.060001,38.049999,38.700001,12405100.0,38.700001
2007-01-04,38.59,39.139999,38.259998,38.900002,6318400.0,38.900002
2007-01-05,38.720001,38.790001,37.599998,38.369999,6619700.0,38.369999
2007-01-08,38.220001,38.310001,37.169998,37.5,6783000.0,37.5
2007-01-09,37.599998,38.060001,37.34,37.779999,5703000.0,37.779999
2007-01-10,37.490002,37.700001,37.07,37.150002,6527500.0,37.150002
2007-01-11,37.169998,38.0,37.169998,37.400002,6465600.0,37.400002
2007-01-12,37.360001,38.209999,37.27,38.200001,4466400.0,38.200001
2007-01-16,38.400002,38.889999,37.970001,38.66,5643700.0,38.66
2007-01-17,38.700001,39.0,37.779999,37.880001,5026800.0,37.880001
2007-01-18,37.5,37.650002,36.720001,36.98,9105000.0,36.98
2007-01-19,36.689999,37.48,36.599998,37.02,6095900.0,37.02
2007-01-22,37.650002,37.900002,36.799999,36.950001,8317000.0,36.950001
2007-01-23,36.900002,37.07,36.299999,36.43,5313600.0,36.43
2007-01-24,36.509998,37.360001,36.5,37.259998,5271700.0,37.259998
2007-01-25,38.080002,38.23,36.779999,37.080002,6747600.0,37.080002
2007-01-26,37.259998,37.259998,36.299999,36.849998,4139300.0,36.849998
2007-01-29,36.700001,37.450001,36.540001,37.43,7395000.0,37.43
2007-01-30,37.290001,37.419998,36.630001,37.049999,4813500.0,37.049999
2007-01-31,36.950001,38.189999,36.759998,37.669998,7277500.0,37.669998
2007-02-01,37.950001,39.299999,37.849998,38.700001,26123100.0,38.700001
2007-02-02,37.23,37.740002,36.68,37.389999,25850700.0,37.389999
2007-02-05,37.25,37.419998,36.77,37.16,6110900.0,37.16
2007-02-06,37.200001,38.41,37.080002,38.27,8612700.0,38.27
2007-02-07,38.490002,39.52,38.400002,38.98,10503200.0,38.98
2007-02-08,38.950001,39.509998,38.669998,39.099998,5483600.0,39.099998
2007-02-09,39.189999,39.310001,38.66,38.720001,5960100.0,38.720001
2007-02-12,38.790001,38.990002,38.360001,38.849998,3835700.0,38.849998
2007-02-13,38.849998,39.610001,38.849998,39.310001,4505500.0,39.310001
2007-02-14,39.23,40.279999,39.139999,40.139999,6814100.0,40.139999
2007-02-15,40.139999,40.32,39.860001,40.060001,5088200.0,40.060001
2007-02-16,39.900002,40.439999,39.869999,40.330002,4679000.0,40.330002
2007-02-20,40.130001,41.740002,40.0,41.509998,8903400.0,41.509998
2007-02-21,41.189999,41.32,40.919998,41.259998,4508400.0,41.259998
2007-02-22,41.400002,42.0,40.889999,41.0,4926100.0,41.0
2007-02-23,41.0,41.200001,40.740002,40.779999,5497400.0,40.779999
2007-02-26,40.860001,41.200001,40.400002,40.880001,4035200.0,40.880001
2007-02-27,40.189999,40.540001,38.779999,38.830002,8850700.0,38.830002
2007-02-28,38.91,39.580002,38.080002,39.139999,7687400.0,39.139999
2007-03-01,39.32,39.32,38.049999,38.849998,9255800.0,38.849998
2007-03-02,38.32,38.869999,37.689999,37.689999,7787800.0,37.689999
2007-03-05,37.150002,38.32,37.040001,37.049999,9565600.0,37.049999
2007-03-06,37.689999,38.66,37.41,38.580002,12848200.0,38.580002
2007-03-07,38.68,39.32,38.279999,38.360001,8644600.0,38.360001
2007-03-08,38.77,39.220001,37.98,38.099998,7629300.0,38.099998
2007-03-09,38.48,38.889999,38.0,38.84,6200100.0,38.84
2007-03-12,38.639999,39.049999,38.380001,38.810001,4879000.0,38.810001
2007-03-13,38.299999,38.880001,37.689999,37.82,5204100.0,37.82
2007-03-14,37.759998,38.220001,37.259998,38.080002,8591100.0,38.080002
2007-03-15,38.099998,38.290001,37.549999,37.779999,7265700.0,37.779999
2007-03-16,37.720001,38.080002,37.52,37.849998,6865500.0,37.849998
2007-03-19,38.0,38.540001,38.0,38.450001,4226600.0,38.450001
2007-03-20,38.529999,38.689999,38.23,38.580002,3801300.0,38.580002
2007-03-21,38.549999,39.799999,38.310001,39.799999,4996400.0,39.799999
2007-03-22,39.48,39.720001,38.91,39.490002,5331500.0,39.490002
2007-03-23,39.560001,39.599998,38.98,38.98,2941500.0,38.98
2007-03-26,38.98,39.049999,38.43,39.009998,3521100.0,39.009998
2007-03-27,38.82,39.419998,38.759998,39.369999,3993600.0,39.369999
2007-03-28,39.09,39.509998,38.740002,39.34,6202200.0,39.34
2007-03-29,39.650002,39.919998,39.299999,39.810001,6405200.0,39.810001
2007-03-30,39.75,40.240002,39.419998,39.790001,5996900.0,39.790001
2007-04-02,39.849998,40.470001,39.549999,40.419998,7091300.0,40.419998
2007-04-03,40.419998,41.380001,40.400002,41.189999,5968200.0,41.189999
2007-04-04,41.220001,41.549999,40.919998,41.529999,4064700.0,41.529999
2007-04-05,41.57,41.759998,41.439999,41.68,3288400.0,41.68
2007-04-09,41.720001,42.139999,41.610001,41.66,4182700.0,41.66
2007-04-10,41.57,41.959999,41.459999,41.860001,3421800.0,41.860001
2007-04-11,41.73,41.869999,41.240002,41.68,5078400.0,41.68
2007-04-12,41.73,42.369999,41.400002,42.27,4754500.0,42.27
2007-04-13,42.189999,42.5,41.93,42.41,3610000.0,42.41
2007-04-16,43.77,45.299999,43.669998,45.200001,13444000.0,45.200001
2007-04-17,45.279999,45.32,44.75,45.07,7398900.0,45.07
2007-04-18,44.799999,45.150002,44.630001,44.990002,4996400.0,44.990002
2007-04-19,44.610001,45.150002,44.41,44.639999,4809700.0,44.639999
2007-04-20,45.09,45.169998,44.52,44.950001,5980500.0,44.950001
2007-04-23,44.27,44.810001,44.16,44.77,7088600.0,44.77
2007-04-24,44.75,45.0,44.43,44.75,19887600.0,44.75
2007-04-25,53.119999,57.18,52.950001,56.810001,104329200.0,56.810001
2007-04-26,56.5,63.040001,56.07,62.779999,62179500.0,62.779999
2007-04-27,61.240002,63.84,60.619999,62.599998,50733400.0,62.599998
2007-04-30,61.91,62.439999,61.18,61.330002,23979200.0,61.330002
2007-05-01,61.119999,62.040001,60.279999,62.040001,18519000.0,62.040001
2007-05-02,61.68,62.25,60.900002,61.18,14427200.0,61.18
2007-05-03,61.080002,62.540001,60.759998,62.189999,13482000.0,62.189999
2007-05-04,62.389999,63.75,62.349998,63.23,14299300.0,63.23
2007-05-07,62.43,63.23,60.709999,60.82,14808300.0,60.82
2007-05-08,60.540001,61.84,59.700001,61.830002,13551100.0,61.830002
2007-05-09,62.0,62.950001,61.299999,62.849998,8874900.0,62.849998
2007-05-10,62.439999,62.650002,60.849998,60.919998,10052000.0,60.919998
2007-05-11,60.959999,61.599998,60.560001,61.560001,7919100.0,61.560001
2007-05-14,61.68,61.740002,60.599998,61.700001,7760400.0,61.700001
2007-05-15,61.400002,61.970001,60.52,60.580002,8702100.0,60.580002
2007-05-16,61.02,63.34,60.099998,63.220001,14485400.0,63.220001
2007-05-17,62.880001,63.52,62.02,62.169998,11870900.0,62.169998
2007-05-18,62.48,63.299999,62.279999,63.299999,9799200.0,63.299999
2007-05-21,63.580002,68.68,63.299999,68.300003,36468800.0,68.300003
2007-05-22,68.480003,69.07,67.209999,68.879997,17211300.0,68.879997
2007-05-23,69.209999,73.309998,68.790001,69.0,42582500.0,69.0
2007-05-24,69.040001,70.419998,67.709999,69.349998,23824600.0,69.349998
2007-05-25,69.690002,69.699997,68.25,68.550003,9987200.0,68.550003
2007-05-29,68.43,69.779999,67.720001,69.629997,11730800.0,69.629997
2007-05-30,69.059998,70.080002,68.860001,69.860001,10576100.0,69.860001
2007-05-31,70.68,70.739998,68.57,69.139999,9310200.0,69.139999
2007-06-01,68.900002,69.300003,68.349998,68.580002,7014500.0,68.580002
2007-06-04,68.25,70.650002,67.650002,70.419998,11380500.0,70.419998
2007-06-05,71.099998,74.239998,70.860001,73.650002,30442500.0,73.650002
2007-06-06,73.139999,73.75,71.860001,72.290001,15591000.0,72.290001
2007-06-07,72.57,74.720001,70.879997,72.040001,24138200.0,72.040001
2007-06-08,72.470001,73.239998,71.050003,73.239998,10204500.0,73.239998
2007-06-11,73.0,73.050003,71.0,71.169998,11159100.0,71.169998
2007-06-12,70.440002,70.760002,69.419998,70.07,11829500.0,70.07
2007-06-13,70.900002,71.889999,69.25,70.889999,11917900.0,70.889999
2007-06-14,70.900002,72.120003,70.800003,71.940002,8245300.0,71.940002
2007-06-15,72.849998,72.870003,71.190002,72.400002,9833200.0,72.400002
2007-06-18,72.339996,72.639999,71.400002,71.830002,7813600.0,71.830002
2007-06-19,71.550003,71.660004,69.68,69.809998,11871000.0,69.809998
2007-06-20,70.25,70.5,69.050003,69.099998,9172600.0,69.099998
2007-06-21,69.160004,69.769997,68.660004,69.669998,7609700.0,69.669998
2007-06-22,69.550003,69.879997,68.419998,68.860001,8382600.0,68.860001
2007-06-25,69.349998,69.629997,68.300003,68.660004,7593500.0,68.660004
2007-06-26,68.529999,68.629997,67.379997,67.480003,11247800.0,67.480003
2007-06-27,66.959999,68.209999,66.709999,68.139999,8242900.0,68.139999
2007-06-28,68.459999,70.230003,68.150002,68.889999,9782200.0,68.889999
2007-06-29,69.029999,69.190002,68.150002,68.410004,5316600.0,68.410004
2007-07-02,68.809998,69.709999,68.199997,69.610001,4906100.0,69.610001
2007-07-03,70.040001,70.050003,69.019997,69.449997,2223500.0,69.449997
2007-07-05,69.360001,69.650002,68.059998,68.730003,4487900.0,68.730003
2007-07-06,68.75,69.300003,68.010002,68.970001,4615300.0,68.970001
2007-07-09,69.379997,72.349998,69.019997,72.07,14816900.0,72.07
2007-07-10,71.650002,71.940002,70.07,70.279999,8885400.0,70.279999
2007-07-11,70.580002,71.650002,70.150002,70.730003,6593600.0,70.730003
2007-07-12,71.309998,73.57,70.730003,72.790001,11451600.0,72.790001
2007-07-13,73.080002,75.349998,72.970001,75.099998,12502000.0,75.099998
2007-07-16,74.730003,74.839996,73.0,73.690002,8334900.0,73.690002
2007-07-17,74.389999,74.519997,73.589996,73.790001,6084400.0,73.790001
2007-07-18,73.269997,73.489998,72.25,73.32,6289700.0,73.32
2007-07-19,74.239998,74.32,73.120003,73.349998,5273500.0,73.349998
2007-07-20,72.620003,72.959999,70.5,71.629997,9130700.0,71.629997
2007-07-23,71.779999,72.669998,70.849998,71.739998,9267800.0,71.739998
2007-07-24,71.040001,72.160004,68.849998,69.25,25342300.0,69.25
2007-07-25,84.660004,88.800003,83.650002,86.18,60452400.0,86.18
2007-07-26,85.019997,89.0,83.43,84.010002,23267100.0,84.010002
2007-07-27,84.269997,85.330002,82.480003,84.040001,13942600.0,84.040001
2007-07-30,83.0,84.050003,81.510002,82.699997,12855600.0,82.699997
2007-07-31,83.699997,83.730003,78.0,78.540001,14104500.0,78.540001
2007-08-01,78.099998,78.150002,75.059998,77.309998,16918000.0,77.309998
2007-08-02,77.860001,79.760002,76.120003,79.709999,10361600.0,79.709999
2007-08-03,79.540001,80.75,76.709999,76.800003,7987500.0,76.800003
2007-08-06,77.059998,79.0,76.599998,79.0,9002900.0,79.0
2007-08-07,78.550003,80.0,77.889999,79.139999,8059300.0,79.139999
2007-08-08,79.769997,79.879997,76.559998,77.779999,8244800.0,77.779999
2007-08-09,76.400002,77.260002,74.110001,74.110001,8348400.0,74.110001
2007-08-10,73.150002,76.5,72.370003,74.779999,9067600.0,74.779999
2007-08-13,76.089996,76.32,74.699997,74.870003,6068600.0,74.870003
2007-08-14,74.790001,74.790001,72.919998,73.449997,5946200.0,73.449997
2007-08-15,73.019997,75.150002,72.260002,72.379997,6375900.0,72.379997
2007-08-16,72.0,73.239998,70.050003,72.790001,10787300.0,72.790001
2007-08-17,74.489998,75.040001,73.110001,75.019997,7240600.0,75.019997
2007-08-20,74.980003,75.279999,73.800003,74.699997,5916100.0,74.699997
2007-08-21,74.209999,77.830002,74.089996,77.489998,8429100.0,77.489998
2007-08-22,78.239998,79.489998,77.839996,78.5,6848100.0,78.5
2007-08-23,78.940002,79.0,76.510002,77.300003,5665000.0,77.300003
2007-08-24,76.800003,79.400002,76.690002,79.25,5665700.0,79.25
2007-08-27,80.559998,80.800003,78.419998,78.650002,6951300.0,78.650002
2007-08-28,77.860001,78.650002,76.080002,76.220001,5767000.0,76.220001
2007-08-29,76.959999,79.050003,76.860001,79.050003,5076800.0,79.050003
2007-08-30,78.400002,80.110001,78.300003,78.68,4628800.0,78.68
2007-08-31,80.0,80.529999,79.699997,79.910004,6157400.0,79.910004
2007-09-04,79.900002,83.529999,79.730003,82.699997,8266000.0,82.699997
2007-09-05,82.239998,84.889999,82.220001,83.75,9062200.0,83.75
2007-09-06,84.5,86.459999,82.849998,86.209999,8826900.0,86.209999
2007-09-07,84.699997,84.970001,83.209999,84.519997,8231200.0,84.519997
2007-09-10,84.93,85.160004,82.510002,83.339996,5366900.0,83.339996
2007-09-11,84.169998,86.610001,83.529999,86.279999,6859800.0,86.279999
2007-09-12,86.07,88.889999,85.970001,87.300003,9030300.0,87.300003
2007-09-13,87.949997,88.07,86.5,87.260002,5983500.0,87.260002
2007-09-14,86.410004,88.089996,86.309998,87.769997,3954700.0,87.769997
2007-09-17,86.980003,87.339996,85.980003,86.910004,4484500.0,86.910004
2007-09-18,87.379997,91.599998,86.709999,88.75,8924400.0,88.75
2007-09-19,89.519997,89.82,88.260002,89.0,6458700.0,89.0
2007-09-20,88.900002,90.419998,88.82,89.650002,5780800.0,89.650002
2007-09-21,90.290001,91.900002,89.650002,91.300003,6524500.0,91.300003
2007-09-24,91.300003,93.75,90.809998,92.589996,5321800.0,92.589996
2007-09-25,91.989998,93.5,90.949997,93.480003,5800300.0,93.480003
2007-09-26,94.040001,94.260002,92.290001,93.43,5770300.0,93.43
2007-09-27,94.07,94.110001,93.110001,93.379997,2812700.0,93.379997
2007-09-28,92.769997,93.599998,91.699997,93.150002,4813700.0,93.150002
2007-10-01,93.419998,94.099998,92.830002,93.410004,5397400.0,93.410004
2007-10-02,93.860001,93.900002,91.400002,92.360001,4867200.0,92.360001
2007-10-03,92.190002,92.800003,91.779999,92.459999,5052200.0,92.459999
2007-10-04,92.550003,92.57,91.449997,92.260002,3318300.0,92.260002
2007-10-05,93.550003,93.709999,92.339996,93.43,5523500.0,93.43
2007-10-08,94.220001,95.849998,94.0,95.849998,7428400.0,95.849998
2007-10-09,96.589996,96.730003,94.75,95.32,7144600.0,95.32
2007-10-10,95.5,95.75,94.370003,94.660004,5567800.0,94.660004
2007-10-11,95.330002,95.739998,88.129997,89.339996,9822400.0,89.339996
2007-10-12,89.419998,92.389999,88.919998,92.370003,8359900.0,92.370003
2007-10-15,91.800003,92.120003,90.099998,90.529999,5608800.0,90.529999
2007-10-16,88.690002,90.050003,88.5,89.529999,8511500.0,89.529999
2007-10-17,91.900002,91.900002,89.059998,90.550003,7678700.0,90.550003
2007-10-18,89.370003,90.43,89.150002,89.849998,5329500.0,89.849998
2007-10-19,89.93,90.650002,89.32,89.760002,9126200.0,89.760002
2007-10-22,89.25,91.690002,89.019997,91.290001,9868400.0,91.290001
2007-10-23,95.279999,101.089996,94.209999,100.82,41761800.0,100.82
2007-10-24,90.870003,90.879997,83.269997,88.730003,41617400.0,88.730003
2007-10-25,88.230003,89.5,86.32,88.209999,11630900.0,88.209999
2007-10-26,89.0,90.879997,87.699997,90.0,8826200.0,90.0
2007-10-29,90.410004,91.470001,89.480003,90.099998,7097200.0,90.099998
2007-10-30,89.669998,90.650002,88.050003,88.239998,5405400.0,88.239998
2007-10-31,88.050003,89.599998,87.0,89.150002,7044800.0,89.150002
2007-11-01,87.75,89.580002,86.5,87.650002,8265700.0,87.650002
2007-11-02,87.970001,88.120003,83.5,85.980003,10230500.0,85.980003
2007-11-05,84.349998,86.019997,82.760002,84.370003,7453100.0,84.370003
2007-11-06,84.610001,87.5,84.370003,87.269997,7934000.0,87.269997
2007-11-07,86.410004,89.160004,86.160004,87.040001,8397800.0,87.040001
2007-11-08,86.800003,86.959999,81.400002,83.580002,11803200.0,83.580002
2007-11-09,82.419998,82.419998,78.839996,78.889999,11620200.0,78.889999
2007-11-12,78.260002,80.089996,76.5,77.0,9396900.0,77.0
2007-11-13,77.910004,80.050003,77.800003,79.860001,9496300.0,79.860001
2007-11-14,80.400002,81.150002,78.150002,78.510002,8427400.0,78.510002
2007-11-15,79.43,79.730003,76.699997,77.849998,7831500.0,77.849998
2007-11-16,77.010002,78.989998,76.629997,78.599998,7114100.0,78.599998
2007-11-19,78.830002,79.75,77.940002,79.18,8649800.0,79.18
2007-11-20,79.860001,82.0,78.309998,80.389999,11610000.0,80.389999
2007-11-21,79.239998,80.860001,78.650002,79.760002,6678300.0,79.760002
2007-11-23,80.110001,81.449997,78.980003,81.43,2780900.0,81.43
2007-11-26,82.300003,84.489998,81.139999,81.300003,8610500.0,81.300003
2007-11-27,82.919998,85.650002,82.209999,85.589996,8634200.0,85.589996
2007-11-28,87.550003,90.57,86.75,90.300003,11403400.0,90.300003
2007-11-29,89.889999,91.470001,88.68,89.150002,6977100.0,89.150002
2007-11-30,90.559998,91.080002,88.309998,90.559998,6881600.0,90.559998
2007-12-03,90.029999,92.25,89.769997,90.910004,6000500.0,90.910004
2007-12-04,90.040001,94.559998,90.040001,94.410004,7337900.0,94.410004
2007-12-05,94.989998,94.989998,91.980003,93.190002,6608600.0,93.190002
2007-12-06,93.279999,95.0,92.830002,94.209999,5472700.0,94.209999
2007-12-07,94.559998,94.68,92.910004,94.309998,3934800.0,94.309998
2007-12-10,94.309998,94.349998,92.300003,93.019997,5180600.0,93.019997
2007-12-11,93.099998,95.940002,90.75,90.75,10269600.0,90.75
2007-12-12,92.839996,93.75,89.32,91.279999,7228100.0,91.279999
2007-12-13,91.050003,93.0,90.629997,92.400002,6046300.0,92.400002
2007-12-14,90.769997,91.239998,88.93,89.080002,6002300.0,89.080002
2007-12-17,89.010002,89.059998,84.989998,85.089996,7697700.0,85.089996
2007-12-18,85.830002,87.459999,83.860001,86.889999,7266100.0,86.889999
2007-12-19,86.940002,89.949997,86.830002,89.379997,7616200.0,89.379997
2007-12-20,90.139999,90.75,89.089996,90.580002,5879800.0,90.580002
2007-12-21,91.470001,92.279999,90.389999,91.260002,6604900.0,91.260002
2007-12-24,91.050003,91.559998,90.300003,91.010002,2017100.0,91.010002
2007-12-26,91.480003,93.940002,90.5,92.849998,5442200.0,92.849998
2007-12-27,92.669998,95.290001,92.5,94.25,7113700.0,94.25
2007-12-28,95.269997,95.900002,92.099998,94.449997,7587900.0,94.449997
2007-12-31,93.809998,94.370003,92.449997,92.639999,5755200.0,92.639999
2008-01-02,95.349998,97.43,94.699997,96.25,13858700.0,96.25
2008-01-03,96.059998,97.25,94.519997,95.209999,9122500.0,95.209999
2008-01-04,93.260002,93.400002,88.5,88.790001,10270000.0,88.790001
2008-01-07,88.620003,90.57,85.470001,88.82,9981600.0,88.82
2008-01-08,87.550003,91.830002,86.93,87.879997,12283300.0,87.879997
2008-01-09,87.559998,87.800003,80.239998,85.220001,16410900.0,85.220001
2008-01-10,83.980003,85.970001,82.970001,84.260002,11609900.0,84.260002
2008-01-11,84.029999,84.029999,80.290001,81.080002,10624300.0,81.080002
2008-01-14,82.18,83.32,78.870003,82.870003,9056100.0,82.870003
2008-01-15,80.489998,81.010002,78.510002,80.239998,9655900.0,80.239998
2008-01-16,79.580002,82.360001,78.440002,80.349998,12407000.0,80.349998
2008-01-17,80.160004,82.25,79.540001,80.120003,9900900.0,80.120003
2008-01-18,79.93,82.309998,78.040001,79.760002,13364300.0,79.760002
2008-01-22,73.580002,79.720001,72.220001,78.480003,12822200.0,78.480003
2008-01-23,75.599998,76.800003,69.949997,73.970001,20405700.0,73.970001
2008-01-24,74.529999,77.879997,74.190002,77.669998,9886600.0,77.669998
2008-01-25,78.690002,81.43,76.330002,77.599998,10027600.0,77.599998
2008-01-28,76.910004,77.400002,74.339996,75.82,8505300.0,75.82
2008-01-29,75.769997,75.900002,72.059998,73.949997,9958000.0,73.949997
2008-01-30,73.540001,77.419998,73.25,74.209999,25298700.0,74.209999
2008-01-31,68.910004,78.870003,68.839996,77.699997,42885900.0,77.699997
2008-02-01,79.019997,79.400002,73.370003,74.629997,16361000.0,74.629997
2008-02-04,74.5,76.660004,73.900002,73.949997,9155200.0,73.949997
2008-02-05,72.800003,74.209999,72.0,72.089996,9633900.0,72.089996
2008-02-06,72.300003,72.43,68.169998,68.489998,12399500.0,68.489998
2008-02-07,67.370003,72.709999,67.220001,70.910004,14501700.0,70.910004
2008-02-08,73.400002,74.599998,72.519997,73.5,11700400.0,73.5
2008-02-11,73.139999,75.959999,72.769997,75.190002,7763700.0,75.190002
2008-02-12,75.43,77.050003,73.790001,74.449997,9449000.0,74.449997
2008-02-13,74.989998,78.849998,73.269997,77.730003,11070300.0,77.730003
2008-02-14,77.730003,77.879997,75.18,75.800003,7497200.0,75.800003
2008-02-15,75.0,75.190002,71.940002,72.959999,11120100.0,72.959999
2008-02-19,73.540001,74.0,71.550003,72.080002,7109200.0,72.080002
2008-02-20,71.900002,73.879997,71.099998,73.639999,6450700.0,73.639999
2008-02-21,73.940002,74.209999,69.370003,69.900002,13150800.0,69.900002
2008-02-22,70.540001,72.209999,69.860001,72.080002,12342700.0,72.080002
2008-02-25,72.349998,73.5,71.410004,73.269997,7858200.0,73.269997
2008-02-26,71.910004,73.5,70.279999,71.690002,9891300.0,71.690002
2008-02-27,70.68,71.480003,69.57,70.870003,8930500.0,70.870003
2008-02-28,70.300003,70.599998,67.110001,67.849998,13167800.0,67.849998
2008-02-29,67.010002,67.5,63.970001,64.470001,11664600.0,64.470001
2008-03-03,63.59,64.489998,61.200001,62.43,13721100.0,62.43
2008-03-04,61.669998,66.599998,61.23,65.339996,16703600.0,65.339996
2008-03-05,65.660004,66.339996,63.82,64.989998,11126400.0,64.989998
2008-03-06,64.75,65.459999,62.5,62.740002,8343300.0,62.740002
2008-03-07,62.200001,64.870003,62.009998,64.089996,10438100.0,64.089996
2008-03-10,63.900002,65.150002,62.91,63.470001,9321000.0,63.470001
2008-03-11,65.949997,67.169998,63.709999,67.150002,9742900.0,67.150002
2008-03-12,66.769997,68.230003,65.639999,66.510002,7748800.0,66.510002
2008-03-13,65.110001,69.550003,64.370003,68.32,10707500.0,68.32
2008-03-14,68.610001,70.68,66.059998,68.220001,12420700.0,68.220001
2008-03-17,65.720001,67.790001,64.919998,66.529999,9709100.0,66.529999
2008-03-18,68.25,71.93,67.589996,71.699997,9550700.0,71.699997
2008-03-19,71.099998,74.0,70.169998,70.169998,11041900.0,70.169998
2008-03-20,70.169998,73.489998,69.379997,73.190002,11410700.0,73.190002
2008-03-24,73.82,76.93,72.75,75.949997,9395400.0,75.949997
2008-03-25,75.830002,76.290001,74.050003,75.169998,6327500.0,75.169998
2008-03-26,74.139999,75.120003,73.239998,73.800003,6285100.0,73.800003
2008-03-27,74.370003,74.690002,70.800003,70.800003,7942400.0,70.800003
2008-03-28,71.0,72.209999,69.260002,69.760002,5279100.0,69.760002
2008-03-31,70.25,71.639999,69.629997,71.300003,5470300.0,71.300003
2008-04-01,72.989998,77.089996,72.760002,76.699997,9734000.0,76.699997
2008-04-02,77.080002,79.0,76.120003,77.370003,8592400.0,77.370003
2008-04-03,75.150002,76.010002,73.809998,74.940002,8149900.0,74.940002
2008-04-04,75.260002,77.830002,74.279999,76.870003,7152800.0,76.870003
2008-04-07,77.360001,78.43,76.0,76.900002,6672400.0,76.900002
2008-04-08,76.400002,77.610001,75.5,77.300003,4966000.0,77.300003
2008-04-09,76.559998,76.669998,73.660004,74.389999,6660300.0,74.389999
2008-04-10,74.480003,75.489998,72.730003,74.830002,6255500.0,74.830002
2008-04-11,73.839996,74.300003,71.620003,71.989998,6785600.0,71.989998
2008-04-14,71.699997,74.0,71.290001,72.610001,4354500.0,72.610001
2008-04-15,72.970001,73.980003,70.650002,72.5,6813100.0,72.5
2008-04-16,73.019997,75.0,72.940002,74.589996,6746800.0,74.589996
2008-04-17,74.18,75.019997,73.610001,74.040001,6220000.0,74.040001
2008-04-18,76.480003,82.0,76.32,80.099998,16791300.0,80.099998
2008-04-21,80.029999,81.339996,79.059998,80.18,9335400.0,80.18
2008-04-22,79.940002,79.940002,77.540001,79.599998,7245000.0,79.599998
2008-04-23,80.300003,82.639999,78.739998,81.0,19250400.0,81.0
2008-04-24,77.709999,80.529999,76.93,77.690002,21073500.0,77.690002
2008-04-25,77.809998,81.32,77.260002,80.860001,9456500.0,80.860001
2008-04-28,80.639999,82.5,80.120003,81.970001,10991900.0,81.970001
2008-04-29,81.419998,81.769997,79.860001,80.739998,6726400.0,80.739998
2008-04-30,80.900002,81.339996,77.919998,78.629997,7875700.0,78.629997
2008-05-01,78.400002,80.010002,77.970001,79.360001,7197000.0,79.360001
2008-05-02,80.300003,81.199997,76.400002,77.309998,8154900.0,77.309998
2008-05-05,77.269997,77.769997,75.870003,75.919998,5647400.0,75.919998
2008-05-06,75.510002,76.769997,75.050003,75.709999,6545700.0,75.709999
2008-05-07,75.260002,76.639999,73.089996,73.18,8376600.0,73.18
2008-05-08,73.730003,74.160004,71.559998,72.790001,8131300.0,72.790001
2008-05-09,72.199997,73.339996,71.660004,72.410004,4243500.0,72.410004
2008-05-12,73.0,74.93,71.779999,74.529999,7215400.0,74.529999
2008-05-13,74.57,74.959999,73.309998,74.559998,5020800.0,74.559998
2008-05-14,74.919998,75.75,73.980003,74.199997,4589200.0,74.199997
2008-05-15,73.889999,76.32,73.550003,76.120003,6917700.0,76.120003
2008-05-16,76.419998,76.830002,74.860001,76.459999,6206700.0,76.459999
2008-05-19,79.010002,84.75,78.860001,82.290001,18684800.0,82.290001
2008-05-20,82.169998,82.699997,80.029999,80.720001,7912200.0,80.720001
2008-05-21,80.370003,81.150002,77.5,78.300003,7070500.0,78.300003
2008-05-22,78.68,79.690002,78.0,79.260002,5390600.0,79.260002
2008-05-23,78.550003,78.870003,77.43,78.349998,6331900.0,78.349998
2008-05-27,78.260002,80.900002,77.970001,80.620003,10108200.0,80.620003
2008-05-28,80.730003,80.790001,78.989998,80.080002,6700600.0,80.080002
2008-05-29,80.610001,81.959999,80.169998,80.349998,6857600.0,80.349998
2008-05-30,80.580002,81.769997,80.300003,81.620003,5270600.0,81.620003
2008-06-02,81.150002,81.57,80.050003,80.230003,6215200.0,80.230003
2008-06-03,80.709999,81.889999,79.260002,80.110001,5870000.0,80.110001
2008-06-04,80.110001,81.82,79.720001,81.5,6458300.0,81.5
2008-06-05,82.110001,84.879997,81.800003,84.510002,8938700.0,84.510002
2008-06-06,83.239998,83.639999,80.559998,80.629997,7843700.0,80.629997
2008-06-09,81.190002,81.529999,78.120003,79.43,6537300.0,79.43
2008-06-10,78.199997,81.040001,78.199997,79.620003,6065600.0,79.620003
2008-06-11,79.349998,80.0,77.029999,77.279999,5874500.0,77.279999
2008-06-12,78.019997,79.050003,75.010002,76.150002,6204400.0,76.150002
2008-06-13,76.699997,80.0,76.699997,79.169998,5974500.0,79.169998
2008-06-16,78.419998,82.529999,78.410004,81.699997,5754400.0,81.699997
2008-06-17,83.150002,84.300003,82.800003,82.970001,8802400.0,82.970001
2008-06-18,82.0,83.169998,81.32,82.519997,6846600.0,82.519997
2008-06-19,82.209999,84.470001,81.5,84.260002,6717300.0,84.260002
2008-06-20,83.099998,83.459999,80.510002,81.099998,6588900.0,81.099998
2008-06-23,81.300003,82.150002,79.550003,80.68,7425800.0,80.68
2008-06-24,79.550003,80.790001,77.629997,79.639999,7140100.0,79.639999
2008-06-25,80.449997,82.150002,79.519997,80.510002,7393300.0,80.510002
2008-06-26,79.099998,79.889999,76.0,76.300003,11310100.0,76.300003
2008-06-27,75.589996,76.07,72.620003,74.660004,11840500.0,74.660004
2008-06-30,75.029999,76.120003,73.209999,73.330002,7104100.0,73.330002
2008-07-01,72.239998,74.230003,70.519997,73.620003,10292500.0,73.620003
2008-07-02,74.160004,74.410004,71.379997,71.440002,7044400.0,71.440002
2008-07-03,72.510002,73.839996,70.519997,72.0,4248200.0,72.0
2008-07-07,72.370003,74.400002,70.760002,72.489998,7355500.0,72.489998
2008-07-08,72.379997,75.489998,71.75,75.040001,7916000.0,75.040001
2008-07-09,74.559998,74.900002,70.480003,70.610001,6912100.0,70.610001
2008-07-10,70.699997,71.769997,67.989998,70.629997,9941600.0,70.629997
2008-07-11,69.400002,69.989998,66.739998,68.540001,7930000.0,68.540001
2008-07-14,69.309998,69.5,65.589996,66.279999,9021300.0,66.279999
2008-07-15,65.870003,68.620003,62.990002,67.029999,11342100.0,67.029999
2008-07-16,66.940002,72.75,66.839996,71.839996,12038900.0,71.839996
2008-07-17,71.199997,72.379997,67.739998,72.110001,9597400.0,72.110001
2008-07-18,69.940002,70.839996,68.400002,69.120003,8298000.0,69.120003
2008-07-21,69.519997,69.800003,66.300003,68.480003,6896900.0,68.480003
2008-07-22,67.089996,69.139999,65.879997,67.970001,8795800.0,67.970001
2008-07-23,67.459999,72.07,67.459999,70.540001,17916200.0,70.540001
2008-07-24,76.300003,82.379997,76.290001,78.720001,30996600.0,78.720001
2008-07-25,79.629997,80.940002,78.120003,78.309998,9150700.0,78.309998
2008-07-28,77.089996,78.309998,74.860001,75.980003,10480200.0,75.980003
2008-07-29,76.489998,78.800003,76.160004,78.209999,6770900.0,78.209999
2008-07-30,78.360001,79.849998,76.419998,78.209999,7567300.0,78.209999
2008-07-31,76.75,78.169998,76.099998,76.339996,5300700.0,76.339996
2008-08-01,76.360001,76.489998,74.050003,75.75,4774500.0,75.75
2008-08-04,75.989998,77.300003,75.010002,75.709999,4498200.0,75.709999
2008-08-05,76.919998,79.519997,76.519997,79.110001,7794600.0,79.110001
2008-08-06,78.550003,78.629997,76.730003,78.089996,6406100.0,78.089996
2008-08-07,77.010002,78.050003,76.0,76.949997,5444800.0,76.949997
2008-08-08,76.779999,81.209999,76.290001,80.510002,9162700.0,80.510002
2008-08-11,80.18,91.75,79.779999,88.089996,25070200.0,88.089996
2008-08-12,87.32,88.480003,86.099998,87.25,8026500.0,87.25
2008-08-13,86.279999,88.25,84.540001,86.690002,7208800.0,86.690002
2008-08-14,85.709999,88.75,85.220001,88.029999,6901700.0,88.029999
2008-08-15,88.279999,89.529999,86.260002,86.400002,6871600.0,86.400002
2008-08-18,86.089996,86.279999,83.040001,83.110001,6547400.0,83.110001
2008-08-19,83.089996,83.510002,81.059998,81.290001,6630400.0,81.290001
2008-08-20,82.0,83.25,81.199997,82.129997,5950600.0,82.129997
2008-08-21,81.410004,83.769997,80.980003,83.260002,6157800.0,83.260002
2008-08-22,84.269997,85.459999,83.93,85.260002,4677800.0,85.260002
2008-08-25,84.629997,84.639999,82.449997,82.849998,4356400.0,82.849998
2008-08-26,82.739998,83.120003,81.25,81.760002,4374200.0,81.760002
2008-08-27,81.440002,82.739998,81.0,81.730003,5627300.0,81.730003
2008-08-28,82.209999,83.650002,81.800003,83.419998,7834100.0,83.419998
2008-08-29,82.900002,82.900002,80.5,80.809998,4728700.0,80.809998
2008-09-02,83.160004,84.5,81.209999,81.410004,6000800.0,81.410004
2008-09-03,81.400002,82.0,80.019997,80.769997,5742600.0,80.769997
2008-09-04,80.599998,80.809998,78.019997,78.029999,8316500.0,78.029999
2008-09-05,77.339996,80.720001,77.080002,79.190002,8069100.0,79.190002
2008-09-08,82.25,83.75,78.849998,81.160004,9490600.0,81.160004
2008-09-09,80.760002,81.959999,78.989998,79.040001,5821800.0,79.040001
2008-09-10,80.010002,80.220001,76.150002,76.739998,9444700.0,76.739998
2008-09-11,75.269997,79.800003,75.099998,79.510002,7813600.0,79.510002
2008-09-12,78.809998,79.599998,76.620003,78.300003,6480100.0,78.300003
2008-09-15,76.860001,79.879997,76.300003,77.339996,8980800.0,77.339996
2008-09-16,76.800003,79.629997,76.669998,78.730003,13092200.0,78.730003
2008-09-17,77.68,78.239998,71.239998,71.540001,13165600.0,71.540001
2008-09-18,73.080002,77.5,70.080002,76.5,12397200.0,76.5
2008-09-19,80.120003,86.769997,76.5,81.0,14772200.0,81.0
2008-09-22,81.129997,81.629997,74.32,74.93,7037700.0,74.93
2008-09-23,75.790001,76.290001,70.769997,71.760002,8594200.0,71.760002
2008-09-24,72.300003,73.650002,68.940002,69.959999,9372400.0,69.959999
2008-09-25,70.660004,72.75,70.010002,72.080002,6073000.0,72.080002
2008-09-26,69.519997,71.050003,68.080002,70.699997,6747100.0,70.699997
2008-09-29,68.410004,69.370003,61.32,63.349998,12004300.0,63.349998
2008-09-30,65.839996,73.120003,65.32,72.760002,13046900.0,72.760002
2008-10-01,71.779999,71.989998,68.410004,69.580002,9622200.0,69.580002
2008-10-02,67.629997,68.959999,65.410004,67.360001,8726100.0,67.360001
2008-10-03,69.419998,70.949997,66.589996,67.0,11228100.0,67.0
2008-10-06,64.059998,65.889999,60.470001,65.230003,13385500.0,65.230003
2008-10-07,65.790001,66.43,58.5,58.52,12756000.0,58.52
2008-10-08,55.639999,62.75,55.349998,61.02,14324500.0,61.02
2008-10-09,61.970001,63.5,56.0,56.0,13930900.0,56.0
2008-10-10,52.990002,59.75,51.049999,56.25,18021700.0,56.25
2008-10-13,58.959999,62.209999,57.369999,62.02,11194800.0,62.02
2008-10-14,63.5,64.0,54.799999,55.860001,17306600.0,55.860001
2008-10-15,54.459999,54.689999,48.349998,48.720001,16257600.0,48.720001
2008-10-16,46.400002,50.700001,43.389999,50.290001,22081100.0,50.290001
2008-10-17,48.830002,62.330002,48.41,50.650002,12946400.0,50.650002
2008-10-20,52.169998,53.099998,49.91,52.970001,8452100.0,52.970001
2008-10-21,51.860001,52.950001,49.919998,50.23,8669600.0,50.23
2008-10-22,50.049999,52.470001,47.900002,49.990002,19513200.0,49.990002
2008-10-23,43.369999,50.91,43.310001,50.32,32601900.0,50.32
2008-10-24,44.75,52.32,44.5,48.959999,19605900.0,48.959999
2008-10-27,49.0,52.59,48.43,49.580002,11759200.0,49.580002
2008-10-28,51.5,56.299999,49.07,56.040001,14834700.0,56.040001
2008-10-29,55.529999,59.790001,54.52,56.889999,15196300.0,56.889999
2008-10-30,58.759998,59.889999,55.080002,56.709999,11125700.0,56.709999
2008-10-31,56.009998,57.25,55.009998,57.240002,8534600.0,57.240002
2008-11-03,56.349998,57.25,55.02,55.77,7170100.0,55.77
2008-11-04,57.16,58.73,55.220001,58.450001,7663800.0,58.450001
2008-11-05,57.470001,58.0,51.619999,51.98,11498400.0,51.98
2008-11-06,49.799999,51.040001,46.299999,47.220001,15487800.0,47.220001
2008-11-07,47.759998,49.790001,47.009998,49.209999,7439600.0,49.209999
2008-11-10,49.98,50.68,46.860001,48.459999,8964900.0,48.459999
2008-11-11,47.099998,48.060001,44.810001,46.299999,9939200.0,46.299999
2008-11-12,43.990002,45.439999,40.900002,41.560001,14768600.0,41.560001
2008-11-13,41.400002,45.0,38.48,44.93,16935300.0,44.93
2008-11-14,43.610001,44.5,41.5,41.75,11949700.0,41.75
2008-11-17,39.91,41.259998,39.07,39.689999,10711800.0,39.689999
2008-11-18,39.73,40.66,36.080002,38.439999,15049200.0,38.439999
2008-11-19,37.970001,39.0,35.75,35.84,12521100.0,35.84
2008-11-20,35.290001,39.720001,34.68,35.029999,18423900.0,35.029999
2008-11-21,36.389999,39.0,35.720001,37.869999,15042700.0,37.869999
2008-11-24,38.790001,43.439999,38.700001,42.5,14549700.0,42.5
2008-11-25,42.09,42.889999,39.610001,42.189999,13015000.0,42.189999
2008-11-26,40.869999,44.0,40.290001,43.959999,13439700.0,43.959999
2008-11-28,44.029999,44.099998,42.220001,42.700001,3481000.0,42.700001
2008-12-01,42.0,43.259998,40.380001,40.470001,11178900.0,40.470001
2008-12-02,41.389999,41.709999,38.82,41.189999,8713700.0,41.189999
2008-12-03,40.16,45.880001,40.049999,45.209999,15675600.0,45.209999
2008-12-04,45.939999,50.5,45.75,47.32,19782300.0,47.32
2008-12-05,45.889999,48.490002,43.299999,48.259998,14608800.0,48.259998
2008-12-08,49.150002,52.139999,47.360001,51.41,10940700.0,51.41
2008-12-09,49.810001,54.48,49.700001,51.25,13314800.0,51.25
2008-12-10,51.459999,51.5,48.34,49.700001,7753800.0,49.700001
2008-12-11,49.330002,50.490002,48.169998,48.25,7583600.0,48.25
2008-12-12,47.52,51.380001,47.52,51.25,8664800.0,51.25
2008-12-15,50.650002,50.950001,48.150002,48.849998,7285400.0,48.849998
2008-12-16,49.619999,52.959999,49.290001,52.630001,8862900.0,52.630001
2008-12-17,52.259998,54.77,51.529999,53.18,9183100.0,53.18
2008-12-18,53.0,54.849998,51.200001,52.080002,7518100.0,52.080002
2008-12-19,51.59,52.990002,50.919998,51.560001,10963200.0,51.560001
2008-12-22,51.599998,52.150002,48.470001,49.84,8925000.0,49.84
2008-12-23,50.119999,51.610001,50.119999,51.080002,5845400.0,51.080002
2008-12-24,51.66,51.950001,51.009998,51.439999,1645500.0,51.439999
2008-12-26,53.790001,53.950001,51.549999,51.779999,6847300.0,51.779999
2008-12-29,51.43,51.77,48.560001,49.400002,6507900.0,49.400002
2008-12-30,49.509998,51.209999,48.740002,50.759998,6601300.0,50.759998
2008-12-31,50.740002,51.689999,49.91,51.279999,7792200.0,51.279999
2009-01-02,51.349998,54.529999,51.07,54.360001,7296400.0,54.360001
2009-01-05,55.73,55.740002,53.029999,54.060001,9509800.0,54.060001
2009-01-06,54.549999,58.220001,53.75,57.360001,11080100.0,57.360001
2009-01-07,56.290001,56.950001,55.349998,56.200001,7942700.0,56.200001
2009-01-08,54.990002,57.32,54.580002,57.16,6577900.0,57.16
2009-01-09,56.919998,57.0,54.700001,55.509998,6684100.0,55.509998
2009-01-12,54.119999,54.299999,50.869999,51.919998,9556300.0,51.919998
2009-01-13,50.959999,53.290001,50.75,51.450001,7883200.0,51.450001
2009-01-14,50.099998,50.099998,48.139999,48.490002,10442600.0,48.490002
2009-01-15,48.560001,52.23,47.630001,51.439999,11617300.0,51.439999
2009-01-16,51.799999,52.330002,49.529999,51.59,8258200.0,51.59
2009-01-20,50.75,51.700001,48.27,48.439999,6767200.0,48.439999
2009-01-21,49.310001,50.689999,48.25,50.540001,5829500.0,50.540001
2009-01-22,49.419998,50.880001,48.259998,49.939999,7133300.0,49.939999
2009-01-23,48.900002,51.419998,48.450001,50.630001,5793300.0,50.630001
2009-01-26,50.18,50.889999,48.52,49.630001,7155700.0,49.630001
2009-01-27,49.299999,50.419998,47.720001,48.439999,8738200.0,48.439999
2009-01-28,49.720001,51.490002,48.970001,50.360001,8056600.0,50.360001
2009-01-29,49.959999,51.849998,49.139999,50.0,17966800.0,50.0
2009-01-30,57.360001,59.740002,57.240002,58.82,39783100.0,58.82
2009-02-02,58.57,62.0,58.130001,61.150002,19324300.0,61.150002
2009-02-03,60.869999,64.199997,60.0,63.59,14694600.0,63.59
2009-02-04,63.380001,63.439999,60.830002,61.060001,13726300.0,61.060001
2009-02-05,61.150002,63.810001,60.630001,63.18,10169600.0,63.18
2009-02-06,63.18,67.0,63.18,66.550003,12044900.0,66.550003
2009-02-09,66.559998,67.360001,65.379997,66.709999,9437600.0,66.709999
2009-02-10,66.150002,67.230003,63.07,63.310001,10700600.0,63.310001
2009-02-11,63.099998,64.900002,62.25,64.349998,8347300.0,64.349998
2009-02-12,63.25,64.25,61.709999,63.959999,8095500.0,63.959999
2009-02-13,63.970001,64.68,62.869999,63.259998,4130900.0,63.259998
2009-02-17,61.669998,62.650002,61.18,61.669998,7126100.0,61.669998
2009-02-18,62.27,62.779999,60.52,62.349998,7366000.0,62.349998
2009-02-19,62.84,64.18,61.669998,61.950001,6768900.0,61.950001
2009-02-20,61.07,64.150002,60.84,63.860001,9354500.0,63.860001
2009-02-23,64.160004,64.910004,61.52,61.709999,7336000.0,61.709999
2009-02-24,61.970001,66.099998,61.889999,65.599998,10271400.0,65.599998
2009-02-25,64.900002,65.75,62.82,63.709999,9122100.0,63.709999
2009-02-26,64.120003,64.730003,62.34,62.34,7275300.0,62.34
2009-02-27,61.259998,65.080002,60.939999,64.790001,11488300.0,64.790001
2009-03-02,63.939999,65.519997,61.509998,61.990002,10511900.0,61.990002
2009-03-03,62.75,63.290001,61.299999,61.700001,9691600.0,61.700001
2009-03-04,62.799999,65.790001,62.400002,64.809998,11960900.0,64.809998
2009-03-05,64.120003,65.800003,63.599998,64.769997,11770300.0,64.769997
2009-03-06,65.199997,65.5,59.82,61.689999,15093800.0,61.689999
2009-03-09,62.200001,64.029999,60.150002,60.490002,13561400.0,60.490002
2009-03-10,62.490002,65.900002,61.779999,65.709999,15435700.0,65.709999
2009-03-11,66.239998,69.370003,65.269997,68.540001,13881700.0,68.540001
2009-03-12,68.349998,69.870003,67.25,69.580002,11348900.0,69.580002
2009-03-13,69.639999,69.739998,67.529999,68.629997,8903400.0,68.629997
2009-03-16,68.559998,69.290001,66.68,66.980003,9437300.0,66.980003
2009-03-17,67.370003,71.709999,67.0,71.349998,11902800.0,71.349998
2009-03-18,70.970001,73.910004,70.129997,71.25,10401700.0,71.25
2009-03-19,71.400002,71.910004,69.239998,70.099998,8819100.0,70.099998
2009-03-20,70.389999,70.889999,69.080002,69.959999,8468100.0,69.959999
2009-03-23,71.360001,75.610001,70.699997,75.580002,8612400.0,75.580002
2009-03-24,74.849998,75.0,72.309998,72.809998,7457900.0,72.809998
2009-03-25,73.089996,73.949997,69.839996,72.400002,7895600.0,72.400002
2009-03-26,73.470001,74.980003,72.639999,73.690002,6657700.0,73.690002
2009-03-27,71.610001,72.290001,70.099998,70.519997,8568800.0,70.519997
2009-03-30,70.400002,71.669998,69.75,71.440002,8373100.0,71.440002
2009-03-31,72.610001,74.5,72.120003,73.440002,8918200.0,73.440002
2009-04-01,73.019997,75.089996,71.709999,73.5,7041400.0,73.5
2009-04-02,73.629997,77.239998,73.440002,76.339996,11066900.0,76.339996
2009-04-03,76.419998,78.32,75.5,78.169998,5809900.0,78.169998
2009-04-06,77.260002,78.360001,76.0,77.989998,5751300.0,77.989998
2009-04-07,76.970001,77.080002,74.879997,75.510002,5748800.0,75.510002
2009-04-08,75.93,77.110001,74.57,76.980003,5653000.0,76.980003
2009-04-09,77.510002,80.0,77.260002,79.769997,7082300.0,79.769997
2009-04-13,79.839996,79.970001,77.849998,78.940002,6212200.0,78.940002
2009-04-14,78.0,79.459999,76.940002,77.220001,6160400.0,77.220001
2009-04-15,75.5,75.809998,73.510002,74.709999,9412800.0,74.709999
2009-04-16,75.330002,77.480003,75.160004,77.25,7467800.0,77.25
2009-04-17,76.779999,78.720001,75.879997,78.050003,7426000.0,78.050003
2009-04-20,78.440002,79.790001,76.830002,77.57,8686900.0,77.57
2009-04-21,77.330002,79.099998,77.290001,78.739998,7162200.0,78.739998
2009-04-22,78.169998,82.18,77.809998,79.199997,8775500.0,79.199997
2009-04-23,81.330002,82.059998,79.080002,80.610001,16187700.0,80.610001
2009-04-24,82.029999,86.68,80.730003,84.459999,23484300.0,84.459999
2009-04-27,83.879997,84.980003,82.209999,83.120003,9705900.0,83.120003
2009-04-28,82.68,85.349998,82.400002,82.400002,7924000.0,82.400002
2009-04-29,82.989998,82.989998,79.260002,79.790001,9735100.0,79.790001
2009-04-30,80.93,82.669998,79.889999,80.519997,8537600.0,80.519997
2009-05-01,80.379997,80.379997,77.849998,78.959999,6121700.0,78.959999
2009-05-04,80.260002,81.349998,78.849998,79.769997,7019300.0,79.769997
2009-05-05,81.010002,82.0,80.190002,81.900002,5870300.0,81.900002
2009-05-06,82.879997,83.599998,79.660004,81.989998,8604000.0,81.989998
2009-05-07,82.730003,82.75,77.879997,79.279999,9632100.0,79.279999
2009-05-08,79.690002,80.230003,76.309998,77.949997,8193000.0,77.949997
2009-05-11,76.800003,79.849998,76.010002,78.610001,6872300.0,78.610001
2009-05-12,78.699997,78.970001,76.529999,77.93,5548700.0,77.93
2009-05-13,76.25,76.650002,74.010002,74.190002,8770500.0,74.190002
2009-05-14,73.790001,76.059998,73.309998,75.110001,9343600.0,75.110001
2009-05-15,74.540001,76.209999,73.419998,73.599998,8011700.0,73.599998
2009-05-18,73.959999,75.959999,73.099998,75.949997,6829100.0,75.949997
2009-05-19,75.43,78.959999,75.120003,77.870003,8028900.0,77.870003
2009-05-20,78.5,81.110001,77.419998,77.970001,7351000.0,77.970001
2009-05-21,76.75,77.970001,75.400002,75.959999,5640500.0,75.959999
2009-05-22,76.099998,77.040001,75.019997,75.639999,3484700.0,75.639999
2009-05-26,75.029999,78.480003,74.550003,78.389999,6699600.0,78.389999
2009-05-27,78.510002,79.5,76.75,77.099998,5567100.0,77.099998
2009-05-28,77.699997,79.099998,75.879997,77.650002,4943100.0,77.650002
2009-05-29,77.720001,78.010002,76.400002,77.989998,5072200.0,77.989998
2009-06-01,78.209999,84.800003,77.489998,83.050003,10796500.0,83.050003
2009-06-02,82.419998,85.449997,82.099998,84.93,9397000.0,84.93
2009-06-03,83.309998,85.709999,83.129997,85.68,7603400.0,85.68
2009-06-04,85.419998,86.400002,84.57,85.519997,5465400.0,85.519997
2009-06-05,86.290001,87.949997,85.300003,87.559998,8263500.0,87.559998
2009-06-08,86.75,87.18,85.110001,86.360001,5602100.0,86.360001
2009-06-09,86.93,87.669998,86.169998,87.080002,4475100.0,87.080002
2009-06-10,87.580002,88.559998,84.830002,86.589996,6073600.0,86.589996
2009-06-11,86.300003,87.489998,85.050003,85.690002,5009700.0,85.690002
2009-06-12,85.029999,85.199997,82.010002,84.080002,6223000.0,84.080002
2009-06-15,82.830002,83.300003,81.0,83.18,5401800.0,83.18
2009-06-16,83.699997,83.949997,81.279999,82.150002,5465800.0,82.150002
2009-06-17,82.5,84.300003,80.639999,82.650002,7785100.0,82.650002
2009-06-18,82.809998,82.949997,81.0,81.599998,5453100.0,81.599998
2009-06-19,82.150002,83.459999,81.5,82.959999,5438200.0,82.959999
2009-06-22,82.410004,82.43,78.559998,79.150002,9744400.0,79.150002
2009-06-23,78.970001,79.099998,76.25,77.68,7415500.0,77.68
2009-06-24,78.0,80.529999,77.800003,79.269997,6081400.0,79.269997
2009-06-25,79.099998,82.230003,79.029999,82.199997,7360400.0,82.199997
2009-06-26,81.900002,84.139999,81.129997,83.879997,8775300.0,83.879997
2009-06-29,83.870003,84.199997,82.410004,83.029999,6270300.0,83.029999
2009-06-30,83.620003,84.919998,82.470001,83.660004,7984800.0,83.660004
2009-07-01,84.419998,84.5,81.370003,81.599998,6981200.0,81.599998
2009-07-02,81.110001,81.370003,78.510002,79.32,7218600.0,79.32
2009-07-06,78.449997,78.889999,76.540001,78.099998,7368800.0,78.099998
2009-07-07,78.529999,78.690002,75.410004,75.629997,6491500.0,75.629997
2009-07-08,76.459999,77.93,75.699997,77.360001,8540700.0,77.360001
2009-07-09,78.25,78.540001,76.82,78.099998,6359500.0,78.099998
2009-07-10,77.519997,78.82,76.169998,77.629997,5976100.0,77.629997
2009-07-13,78.07,81.650002,78.010002,81.470001,8050200.0,81.470001
2009-07-14,81.480003,82.419998,80.419998,81.949997,4543600.0,81.949997
2009-07-15,83.0,84.639999,82.779999,84.550003,6339000.0,84.550003
2009-07-16,84.419998,86.239998,83.720001,86.110001,5361900.0,86.110001
2009-07-17,85.800003,86.5,85.199997,85.849998,5051600.0,85.849998
2009-07-20,86.269997,88.879997,86.260002,88.230003,6056600.0,88.230003
2009-07-21,88.519997,89.010002,87.400002,89.010002,7728600.0,89.010002
2009-07-22,88.650002,89.230003,87.779999,88.790001,5329600.0,88.790001
2009-07-23,89.839996,94.400002,89.589996,93.870003,19162100.0,93.870003
2009-07-24,87.599998,88.900002,85.5,86.489998,19204600.0,86.489998
2009-07-27,86.239998,86.489998,83.559998,84.239998,11279300.0,84.239998
2009-07-28,83.839996,85.639999,82.599998,84.980003,8774900.0,84.980003
2009-07-29,84.470001,85.5,83.519997,84.339996,6502900.0,84.339996
2009-07-30,85.639999,87.25,85.169998,86.089996,7253200.0,86.089996
2009-07-31,85.760002,86.75,84.620003,85.760002,5886900.0,85.760002
2009-08-03,86.559998,88.199997,86.559998,87.440002,6663000.0,87.440002
2009-08-04,87.480003,87.480003,84.93,85.800003,6177900.0,85.800003
2009-08-05,85.639999,85.75,83.019997,84.290001,7279400.0,84.290001
2009-08-06,84.309998,84.839996,83.050003,84.470001,4693000.0,84.470001
2009-08-07,84.099998,85.959999,84.099998,85.32,5628000.0,85.32
2009-08-10,85.010002,85.470001,83.269997,84.440002,4440600.0,84.440002
2009-08-11,83.639999,84.400002,82.449997,83.559998,5025000.0,83.559998
2009-08-12,83.419998,86.599998,83.379997,85.959999,5619400.0,85.959999
2009-08-13,85.720001,86.370003,84.07,84.599998,5712400.0,84.599998
2009-08-14,84.110001,84.169998,82.779999,83.580002,4924700.0,83.580002
2009-08-17,81.160004,81.779999,80.25,81.059998,6888600.0,81.059998
2009-08-18,81.410004,82.690002,80.790001,82.120003,5884400.0,82.120003
2009-08-19,80.910004,83.0,80.489998,83.0,5170600.0,83.0
2009-08-20,82.980003,84.349998,82.660004,84.089996,5375000.0,84.089996
2009-08-21,84.779999,85.059998,83.540001,85.0,6130700.0,85.0
2009-08-24,85.169998,85.589996,84.239998,84.5,4723200.0,84.5
2009-08-25,84.660004,86.339996,83.949997,84.190002,4791000.0,84.190002
2009-08-26,84.099998,84.760002,83.379997,84.0,3613800.0,84.0
2009-08-27,84.010002,84.849998,83.139999,84.309998,3997700.0,84.309998
2009-08-28,84.779999,84.989998,82.57,82.760002,4620700.0,82.760002
2009-08-31,81.93,81.949997,80.349998,81.190002,5263800.0,81.190002
2009-09-01,80.739998,82.419998,79.0,79.160004,6245800.0,79.160004
2009-09-02,79.040001,80.150002,77.800003,78.139999,6512700.0,78.139999
2009-09-03,78.389999,78.959999,77.510002,78.459999,4140200.0,78.459999
2009-09-04,78.269997,79.779999,77.629997,78.870003,4671500.0,78.870003
2009-09-08,79.860001,81.040001,78.870003,80.900002,7037600.0,80.900002
2009-09-09,80.599998,82.629997,80.5,82.239998,6776200.0,82.239998
2009-09-10,82.330002,84.07,82.300003,83.849998,7023100.0,83.849998
2009-09-11,84.440002,84.900002,83.760002,84.540001,6006900.0,84.540001
2009-09-14,83.809998,84.57,83.459999,83.860001,3572000.0,83.860001
2009-09-15,84.169998,84.410004,82.790001,83.550003,4446800.0,83.550003
2009-09-16,85.910004,90.980003,85.900002,90.699997,13114300.0,90.699997
2009-09-17,90.75,91.190002,89.0,90.440002,7872700.0,90.440002
2009-09-18,90.739998,91.0,89.470001,90.279999,6769500.0,90.279999
2009-09-21,89.690002,90.760002,88.480003,90.559998,4209300.0,90.559998
2009-09-22,91.459999,94.190002,91.099998,93.75,8264900.0,93.75
2009-09-23,92.82,94.5,92.220001,92.379997,5685300.0,92.379997
2009-09-24,92.0,92.709999,90.769997,92.110001,5075100.0,92.110001
2009-09-25,91.440002,92.25,89.75,90.519997,4256800.0,90.519997
2009-09-28,91.040001,92.809998,90.599998,92.209999,3508000.0,92.209999
2009-09-29,91.959999,92.330002,90.099998,91.720001,4393900.0,91.720001
2009-09-30,92.260002,94.169998,91.43,93.360001,8539200.0,93.360001
2009-10-01,92.5,92.900002,90.370003,91.040001,6645100.0,91.040001
2009-10-02,90.050003,91.139999,89.580002,89.849998,5039400.0,89.849998
2009-10-05,90.25,90.93,88.269997,88.669998,7028500.0,88.669998
2009-10-06,89.330002,91.080002,88.400002,90.910004,6963700.0,90.910004
2009-10-07,91.5,94.480003,91.150002,93.970001,7445100.0,93.970001
2009-10-08,94.800003,96.720001,94.230003,95.220001,9674300.0,95.220001
2009-10-09,95.0,95.949997,94.260002,95.709999,4694000.0,95.709999
2009-10-12,96.169998,96.25,93.07,93.599998,5591400.0,93.599998
2009-10-13,93.830002,95.25,93.68,94.830002,4720000.0,94.830002
2009-10-14,96.220001,97.82,96.019997,97.459999,5556800.0,97.459999
2009-10-15,95.129997,97.059998,95.080002,96.010002,6242100.0,96.010002
2009-10-16,95.300003,96.120003,93.610001,95.32,7038400.0,95.32
2009-10-19,95.349998,96.279999,94.25,94.68,6017400.0,94.68
2009-10-20,95.910004,96.099998,94.269997,94.980003,7777600.0,94.980003
2009-10-21,95.269997,96.629997,92.910004,93.419998,7761200.0,93.419998
2009-10-22,93.660004,94.099998,91.699997,93.449997,16518500.0,93.449997
2009-10-23,111.050003,119.650002,110.620003,118.489998,58305800.0,118.489998
2009-10-26,119.209999,125.68,118.489998,124.639999,32271200.0,124.639999
2009-10-27,122.93,124.260002,119.419998,122.07,20304200.0,122.07
2009-10-28,121.57,125.120003,120.760002,121.639999,16887700.0,121.639999
2009-10-29,123.900002,124.300003,120.120003,122.580002,12821800.0,122.580002
2009-10-30,121.970001,122.900002,118.209999,118.809998,13312200.0,118.809998
2009-11-02,118.660004,119.5,116.709999,118.839996,11280000.0,118.839996
2009-11-03,117.669998,118.879997,116.629997,118.370003,9478500.0,118.370003
2009-11-04,119.0,119.25,116.760002,117.099998,7617500.0,117.099998
2009-11-05,117.459999,120.949997,116.25,120.610001,9086800.0,120.610001
2009-11-06,123.0,126.980003,122.669998,126.199997,13226000.0,126.199997
2009-11-09,127.110001,128.320007,125.589996,126.669998,8624200.0,126.669998
2009-11-10,126.800003,130.610001,126.0,130.149994,10529300.0,130.149994
2009-11-11,131.080002,131.309998,128.330002,129.910004,7434200.0,129.910004
2009-11-12,129.979996,132.149994,129.979996,130.529999,7210100.0,130.529999
2009-11-13,131.160004,132.990005,129.75,132.970001,7376800.0,132.970001
2009-11-16,132.119995,134.559998,130.979996,131.589996,9018300.0,131.589996
2009-11-17,131.399994,131.850006,129.320007,131.25,7748000.0,131.25
2009-11-18,130.899994,131.410004,129.529999,131.289993,5213500.0,131.289993
2009-11-19,130.539993,130.539993,128.479996,128.990005,5998200.0,128.990005
2009-11-20,127.760002,129.990005,127.410004,129.660004,6652600.0,129.660004
2009-11-23,131.050003,133.0,131.0,133.0,6878100.0,133.0
2009-11-24,133.570007,134.330002,132.220001,132.940002,7319700.0,132.940002
2009-11-25,133.309998,134.199997,132.399994,134.029999,5071200.0,134.029999
2009-11-27,130.300003,133.0,129.880005,131.740005,4422600.0,131.740005
2009-11-30,132.190002,136.080002,132.160004,135.910004,10119500.0,135.910004
2009-12-01,136.940002,139.350006,135.75,138.5,9657600.0,138.5
2009-12-02,139.149994,142.669998,138.960007,142.25,11798000.0,142.25
2009-12-03,143.619995,145.910004,140.770004,141.169998,16523500.0,141.169998
2009-12-04,143.419998,143.449997,135.110001,137.580002,14827400.0,137.580002
2009-12-07,138.0,139.0,133.839996,134.210007,7837000.0,134.210007
2009-12-08,134.300003,136.080002,132.869995,134.110001,8002800.0,134.110001
2009-12-09,134.600006,134.710007,129.820007,131.309998,12632900.0,131.309998
2009-12-10,132.410004,136.190002,132.399994,135.380005,11343600.0,135.380005
2009-12-11,136.070007,136.289993,133.199997,134.149994,8046700.0,134.149994
2009-12-14,132.5,132.610001,129.350006,131.380005,10022900.0,131.380005
2009-12-15,130.759995,132.460007,129.589996,130.229996,7428800.0,130.229996
2009-12-16,130.929993,131.449997,127.650002,128.360001,10261300.0,128.360001
2009-12-17,129.360001,130.080002,126.900002,126.910004,8476500.0,126.910004
2009-12-18,127.910004,128.789993,125.650002,128.479996,9605400.0,128.479996
2009-12-21,130.479996,133.199997,130.190002,132.789993,9473600.0,132.789993
2009-12-22,133.759995,135.990005,132.649994,133.75,8257500.0,133.75
2009-12-23,134.800003,139.050003,134.350006,138.940002,9546100.0,138.940002
2009-12-24,139.199997,139.699997,137.539993,138.470001,5128800.0,138.470001
2009-12-28,139.75,141.979996,138.529999,139.309998,8763900.0,139.309998
2009-12-29,141.289993,142.580002,138.550003,139.410004,8400600.0,139.410004
2009-12-30,138.399994,138.399994,135.279999,136.490005,6913200.0,136.490005
2009-12-31,137.089996,137.279999,134.520004,134.520004,4523000.0,134.520004
